Target_Saving,Actual_Saving,NMSE_ILP,NMSE_KL,Policy,INT16,INT8,INT4,INT2
85.0,85.01987113867646,-15.324828910827637,-15.325472450256347,"{'stem.0': 16, 'fc_part31': 16, 'fc_part8': 16, 'fc_part2': 16, 'fc_part7': 16, 'fc_part3': 8, 'fc_part13': 16, 'fc_part1': 8, 'fc_part23': 16, 'fc_part27': 8, 'fc_part12': 8, 'fc_part30': 8, 'fc_part11': 8, 'fc_part25': 8, 'fc_part17': 8, 'fc_part19': 8, 'fc_part10': 8, 'fc_part28': 8, 'fc_part24': 8, 'fc_part29': 8, 'fc_part0': 8, 'fc_part5': 8, 'fc_part22': 8, 'fc_part15': 8, 'fc_part14': 8, 'fc_part4': 8, 'fc_part9': 8, 'fc_part21': 8, 'fc_part26': 8, 'fc_part16': 8, 'fc_part20': 8, 'fc_part6': 8, 'fc_part18': 8, 'layers.1.vss.1.in_proj': 16, 'layers.1.vss.1.out_proj': 16, 'layers.0.vss.1.out_proj': 16, 'layers.0.vss.1.in_proj': 16, 'proj_conv': 16, 'layers.1.vss.1.conv2d': 16, 'layers.0.vss.1.conv2d': 16}",14,26,0,0
85.2,85.40525079785633,-15.324828910827637,-15.325472450256347,"{'stem.0': 16, 'fc_part31': 16, 'fc_part8': 16, 'fc_part2': 16, 'fc_part7': 8, 'fc_part3': 8, 'fc_part13': 16, 'fc_part1': 8, 'fc_part23': 16, 'fc_part27': 8, 'fc_part12': 8, 'fc_part30': 8, 'fc_part11': 8, 'fc_part25': 8, 'fc_part17': 8, 'fc_part19': 8, 'fc_part10': 8, 'fc_part28': 8, 'fc_part24': 8, 'fc_part29': 8, 'fc_part0': 8, 'fc_part5': 8, 'fc_part22': 8, 'fc_part15': 8, 'fc_part14': 8, 'fc_part4': 8, 'fc_part9': 8, 'fc_part21': 8, 'fc_part26': 8, 'fc_part16': 8, 'fc_part20': 8, 'fc_part6': 8, 'fc_part18': 8, 'layers.1.vss.1.in_proj': 16, 'layers.1.vss.1.out_proj': 16, 'layers.0.vss.1.out_proj': 16, 'layers.0.vss.1.in_proj': 16, 'proj_conv': 16, 'layers.1.vss.1.conv2d': 16, 'layers.0.vss.1.conv2d': 16}",13,27,0,0
85.4,85.40525079785633,-15.324828910827637,-15.325472450256347,"{'stem.0': 16, 'fc_part31': 16, 'fc_part8': 16, 'fc_part2': 16, 'fc_part7': 8, 'fc_part3': 8, 'fc_part13': 16, 'fc_part1': 8, 'fc_part23': 16, 'fc_part27': 8, 'fc_part12': 8, 'fc_part30': 8, 'fc_part11': 8, 'fc_part25': 8, 'fc_part17': 8, 'fc_part19': 8, 'fc_part10': 8, 'fc_part28': 8, 'fc_part24': 8, 'fc_part29': 8, 'fc_part0': 8, 'fc_part5': 8, 'fc_part22': 8, 'fc_part15': 8, 'fc_part14': 8, 'fc_part4': 8, 'fc_part9': 8, 'fc_part21': 8, 'fc_part26': 8, 'fc_part16': 8, 'fc_part20': 8, 'fc_part6': 8, 'fc_part18': 8, 'layers.1.vss.1.in_proj': 16, 'layers.1.vss.1.out_proj': 16, 'layers.0.vss.1.out_proj': 16, 'layers.0.vss.1.in_proj': 16, 'proj_conv': 16, 'layers.1.vss.1.conv2d': 16, 'layers.0.vss.1.conv2d': 16}",13,27,0,0
85.6,85.79063045703619,-15.324828910827637,-15.325472450256347,"{'stem.0': 16, 'fc_part31': 16, 'fc_part8': 16, 'fc_part2': 16, 'fc_part7': 8, 'fc_part3': 8, 'fc_part13': 16, 'fc_part1': 8, 'fc_part23': 8, 'fc_part27': 8, 'fc_part12': 8, 'fc_part30': 8, 'fc_part11': 8, 'fc_part25': 8, 'fc_part17': 8, 'fc_part19': 8, 'fc_part10': 8, 'fc_part28': 8, 'fc_part24': 8, 'fc_part29': 8, 'fc_part0': 8, 'fc_part5': 8, 'fc_part22': 8, 'fc_part15': 8, 'fc_part14': 8, 'fc_part4': 8, 'fc_part9': 8, 'fc_part21': 8, 'fc_part26': 8, 'fc_part16': 8, 'fc_part20': 8, 'fc_part6': 8, 'fc_part18': 8, 'layers.1.vss.1.in_proj': 16, 'layers.1.vss.1.out_proj': 16, 'layers.0.vss.1.out_proj': 16, 'layers.0.vss.1.in_proj': 16, 'proj_conv': 16, 'layers.1.vss.1.conv2d': 16, 'layers.0.vss.1.conv2d': 16}",12,28,0,0
85.8,85.83880291443367,-15.324828910827637,-15.325472450256347,"{'stem.0': 16, 'fc_part31': 16, 'fc_part8': 16, 'fc_part2': 16, 'fc_part7': 8, 'fc_part3': 8, 'fc_part13': 16, 'fc_part1': 8, 'fc_part23': 8, 'fc_part27': 8, 'fc_part12': 8, 'fc_part30': 8, 'fc_part11': 8, 'fc_part25': 8, 'fc_part17': 8, 'fc_part19': 8, 'fc_part10': 8, 'fc_part28': 8, 'fc_part24': 8, 'fc_part29': 8, 'fc_part0': 8, 'fc_part5': 8, 'fc_part22': 8, 'fc_part15': 8, 'fc_part14': 8, 'fc_part4': 8, 'fc_part9': 8, 'fc_part21': 8, 'fc_part26': 8, 'fc_part16': 8, 'fc_part20': 8, 'fc_part6': 8, 'fc_part18': 8, 'layers.1.vss.1.in_proj': 16, 'layers.1.vss.1.out_proj': 16, 'layers.0.vss.1.out_proj': 16, 'layers.0.vss.1.in_proj': 8, 'proj_conv': 16, 'layers.1.vss.1.conv2d': 16, 'layers.0.vss.1.conv2d': 16}",11,29,0,0
86.0,86.17601011621605,-15.324828910827637,-15.324937438964843,"{'stem.0': 16, 'fc_part31': 16, 'fc_part8': 16, 'fc_part2': 8, 'fc_part7': 8, 'fc_part3': 8, 'fc_part13': 16, 'fc_part1': 8, 'fc_part23': 8, 'fc_part27': 8, 'fc_part12': 8, 'fc_part30': 8, 'fc_part11': 8, 'fc_part25': 8, 'fc_part17': 8, 'fc_part19': 8, 'fc_part10': 8, 'fc_part28': 8, 'fc_part24': 8, 'fc_part29': 8, 'fc_part0': 8, 'fc_part5': 8, 'fc_part22': 8, 'fc_part15': 8, 'fc_part14': 8, 'fc_part4': 8, 'fc_part9': 8, 'fc_part21': 8, 'fc_part26': 8, 'fc_part16': 8, 'fc_part20': 8, 'fc_part6': 8, 'fc_part18': 8, 'layers.1.vss.1.in_proj': 16, 'layers.1.vss.1.out_proj': 16, 'layers.0.vss.1.out_proj': 16, 'layers.0.vss.1.in_proj': 16, 'proj_conv': 16, 'layers.1.vss.1.conv2d': 16, 'layers.0.vss.1.conv2d': 16}",11,29,0,0
86.2,86.20009634491478,-15.324828910827637,-15.324937438964843,"{'stem.0': 16, 'fc_part31': 16, 'fc_part8': 16, 'fc_part2': 16, 'fc_part7': 8, 'fc_part3': 8, 'fc_part13': 8, 'fc_part1': 8, 'fc_part23': 8, 'fc_part27': 8, 'fc_part12': 8, 'fc_part30': 8, 'fc_part11': 8, 'fc_part25': 8, 'fc_part17': 8, 'fc_part19': 8, 'fc_part10': 8, 'fc_part28': 8, 'fc_part24': 8, 'fc_part29': 8, 'fc_part0': 8, 'fc_part5': 8, 'fc_part22': 8, 'fc_part15': 8, 'fc_part14': 8, 'fc_part4': 8, 'fc_part9': 8, 'fc_part21': 8, 'fc_part26': 8, 'fc_part16': 8, 'fc_part20': 8, 'fc_part6': 8, 'fc_part18': 8, 'layers.1.vss.1.in_proj': 16, 'layers.1.vss.1.out_proj': 16, 'layers.0.vss.1.out_proj': 8, 'layers.0.vss.1.in_proj': 16, 'proj_conv': 16, 'layers.1.vss.1.conv2d': 16, 'layers.0.vss.1.conv2d': 16}",10,30,0,0
86.4,86.56138977539591,-15.324356126785279,-15.324937438964843,"{'stem.0': 16, 'fc_part31': 16, 'fc_part8': 16, 'fc_part2': 8, 'fc_part7': 8, 'fc_part3': 8, 'fc_part13': 8, 'fc_part1': 8, 'fc_part23': 8, 'fc_part27': 8, 'fc_part12': 8, 'fc_part30': 8, 'fc_part11': 8, 'fc_part25': 8, 'fc_part17': 8, 'fc_part19': 8, 'fc_part10': 8, 'fc_part28': 8, 'fc_part24': 8, 'fc_part29': 8, 'fc_part0': 8, 'fc_part5': 8, 'fc_part22': 8, 'fc_part15': 8, 'fc_part14': 8, 'fc_part4': 8, 'fc_part9': 8, 'fc_part21': 8, 'fc_part26': 8, 'fc_part16': 8, 'fc_part20': 8, 'fc_part6': 8, 'fc_part18': 8, 'layers.1.vss.1.in_proj': 16, 'layers.1.vss.1.out_proj': 16, 'layers.0.vss.1.out_proj': 16, 'layers.0.vss.1.in_proj': 16, 'proj_conv': 16, 'layers.1.vss.1.conv2d': 16, 'layers.0.vss.1.conv2d': 16}",10,30,0,0
86.6,86.60956223279341,-15.324356126785279,-15.324937438964843,"{'stem.0': 16, 'fc_part31': 16, 'fc_part8': 16, 'fc_part2': 8, 'fc_part7': 8, 'fc_part3': 8, 'fc_part13': 8, 'fc_part1': 8, 'fc_part23': 8, 'fc_part27': 8, 'fc_part12': 8, 'fc_part30': 8, 'fc_part11': 8, 'fc_part25': 8, 'fc_part17': 8, 'fc_part19': 8, 'fc_part10': 8, 'fc_part28': 8, 'fc_part24': 8, 'fc_part29': 8, 'fc_part0': 8, 'fc_part5': 8, 'fc_part22': 8, 'fc_part15': 8, 'fc_part14': 8, 'fc_part4': 8, 'fc_part9': 8, 'fc_part21': 8, 'fc_part26': 8, 'fc_part16': 8, 'fc_part20': 8, 'fc_part6': 8, 'fc_part18': 8, 'layers.1.vss.1.in_proj': 16, 'layers.1.vss.1.out_proj': 16, 'layers.0.vss.1.out_proj': 16, 'layers.0.vss.1.in_proj': 8, 'proj_conv': 16, 'layers.1.vss.1.conv2d': 16, 'layers.0.vss.1.conv2d': 16}",9,31,0,0
86.8,86.94676943457577,-15.323573970794678,-15.324937438964843,"{'stem.0': 16, 'fc_part31': 16, 'fc_part8': 8, 'fc_part2': 8, 'fc_part7': 8, 'fc_part3': 8, 'fc_part13': 8, 'fc_part1': 8, 'fc_part23': 8, 'fc_part27': 8, 'fc_part12': 8, 'fc_part30': 8, 'fc_part11': 8, 'fc_part25': 8, 'fc_part17': 8, 'fc_part19': 8, 'fc_part10': 8, 'fc_part28': 8, 'fc_part24': 8, 'fc_part29': 8, 'fc_part0': 8, 'fc_part5': 8, 'fc_part22': 8, 'fc_part15': 8, 'fc_part14': 8, 'fc_part4': 8, 'fc_part9': 8, 'fc_part21': 8, 'fc_part26': 8, 'fc_part16': 8, 'fc_part20': 8, 'fc_part6': 8, 'fc_part18': 8, 'layers.1.vss.1.in_proj': 16, 'layers.1.vss.1.out_proj': 16, 'layers.0.vss.1.out_proj': 16, 'layers.0.vss.1.in_proj': 16, 'proj_conv': 16, 'layers.1.vss.1.conv2d': 16, 'layers.0.vss.1.conv2d': 16}",9,31,0,0
87.0,87.019028120672,-15.323573970794678,-15.324937438964843,"{'stem.0': 16, 'fc_part31': 16, 'fc_part8': 8, 'fc_part2': 8, 'fc_part7': 8, 'fc_part3': 8, 'fc_part13': 8, 'fc_part1': 8, 'fc_part23': 8, 'fc_part27': 8, 'fc_part12': 8, 'fc_part30': 8, 'fc_part11': 8, 'fc_part25': 8, 'fc_part17': 8, 'fc_part19': 8, 'fc_part10': 8, 'fc_part28': 8, 'fc_part24': 8, 'fc_part29': 8, 'fc_part0': 8, 'fc_part5': 8, 'fc_part22': 8, 'fc_part15': 8, 'fc_part14': 8, 'fc_part4': 8, 'fc_part9': 8, 'fc_part21': 8, 'fc_part26': 8, 'fc_part16': 8, 'fc_part20': 8, 'fc_part6': 8, 'fc_part18': 8, 'layers.1.vss.1.in_proj': 16, 'layers.1.vss.1.out_proj': 16, 'layers.0.vss.1.out_proj': 8, 'layers.0.vss.1.in_proj': 8, 'proj_conv': 16, 'layers.1.vss.1.conv2d': 16, 'layers.0.vss.1.conv2d': 16}",7,33,0,0
87.2,87.33214909375565,-15.323573970794678,-15.323573970794678,"{'stem.0': 16, 'fc_part31': 8, 'fc_part8': 8, 'fc_part2': 8, 'fc_part7': 8, 'fc_part3': 8, 'fc_part13': 8, 'fc_part1': 8, 'fc_part23': 8, 'fc_part27': 8, 'fc_part12': 8, 'fc_part30': 8, 'fc_part11': 8, 'fc_part25': 8, 'fc_part17': 8, 'fc_part19': 8, 'fc_part10': 8, 'fc_part28': 8, 'fc_part24': 8, 'fc_part29': 8, 'fc_part0': 8, 'fc_part5': 8, 'fc_part22': 8, 'fc_part15': 8, 'fc_part14': 8, 'fc_part4': 8, 'fc_part9': 8, 'fc_part21': 8, 'fc_part26': 8, 'fc_part16': 8, 'fc_part20': 8, 'fc_part6': 8, 'fc_part18': 8, 'layers.1.vss.1.in_proj': 16, 'layers.1.vss.1.out_proj': 16, 'layers.0.vss.1.out_proj': 16, 'layers.0.vss.1.in_proj': 16, 'proj_conv': 16, 'layers.1.vss.1.conv2d': 16, 'layers.0.vss.1.conv2d': 16}",8,32,0,0
87.4,87.40440777985187,-15.323573970794678,-15.323573970794678,"{'stem.0': 16, 'fc_part31': 8, 'fc_part8': 8, 'fc_part2': 8, 'fc_part7': 8, 'fc_part3': 8, 'fc_part13': 8, 'fc_part1': 8, 'fc_part23': 8, 'fc_part27': 8, 'fc_part12': 8, 'fc_part30': 8, 'fc_part11': 8, 'fc_part25': 8, 'fc_part17': 8, 'fc_part19': 8, 'fc_part10': 8, 'fc_part28': 8, 'fc_part24': 8, 'fc_part29': 8, 'fc_part0': 8, 'fc_part5': 8, 'fc_part22': 8, 'fc_part15': 8, 'fc_part14': 8, 'fc_part4': 8, 'fc_part9': 8, 'fc_part21': 8, 'fc_part26': 8, 'fc_part16': 8, 'fc_part20': 8, 'fc_part6': 8, 'fc_part18': 8, 'layers.1.vss.1.in_proj': 16, 'layers.1.vss.1.out_proj': 16, 'layers.0.vss.1.out_proj': 8, 'layers.0.vss.1.in_proj': 8, 'proj_conv': 16, 'layers.1.vss.1.conv2d': 16, 'layers.0.vss.1.conv2d': 16}",6,34,0,0
87.6,87.60387186126333,-15.214464855194091,-15.214779376983643,"{'stem.0': 16, 'fc_part31': 8, 'fc_part8': 8, 'fc_part2': 8, 'fc_part7': 8, 'fc_part3': 8, 'fc_part13': 8, 'fc_part1': 8, 'fc_part23': 8, 'fc_part27': 8, 'fc_part12': 8, 'fc_part30': 8, 'fc_part11': 8, 'fc_part25': 8, 'fc_part17': 8, 'fc_part19': 8, 'fc_part10': 8, 'fc_part28': 8, 'fc_part24': 8, 'fc_part29': 8, 'fc_part0': 8, 'fc_part5': 8, 'fc_part22': 8, 'fc_part15': 8, 'fc_part14': 8, 'fc_part4': 8, 'fc_part9': 8, 'fc_part21': 8, 'fc_part26': 8, 'fc_part16': 8, 'fc_part20': 8, 'fc_part6': 8, 'fc_part18': 4, 'layers.1.vss.1.in_proj': 16, 'layers.1.vss.1.out_proj': 16, 'layers.0.vss.1.out_proj': 8, 'layers.0.vss.1.in_proj': 8, 'proj_conv': 16, 'layers.1.vss.1.conv2d': 8, 'layers.0.vss.1.conv2d': 16}",5,34,1,0
87.8,87.80333594267478,-15.103712940216065,-15.103712940216065,"{'stem.0': 16, 'fc_part31': 8, 'fc_part8': 8, 'fc_part2': 8, 'fc_part7': 8, 'fc_part3': 8, 'fc_part13': 8, 'fc_part1': 8, 'fc_part23': 8, 'fc_part27': 8, 'fc_part12': 8, 'fc_part30': 8, 'fc_part11': 8, 'fc_part25': 8, 'fc_part17': 8, 'fc_part19': 8, 'fc_part10': 8, 'fc_part28': 8, 'fc_part24': 8, 'fc_part29': 8, 'fc_part0': 8, 'fc_part5': 8, 'fc_part22': 8, 'fc_part15': 8, 'fc_part14': 8, 'fc_part4': 8, 'fc_part9': 8, 'fc_part21': 8, 'fc_part26': 8, 'fc_part16': 8, 'fc_part20': 4, 'fc_part6': 8, 'fc_part18': 4, 'layers.1.vss.1.in_proj': 16, 'layers.1.vss.1.out_proj': 16, 'layers.0.vss.1.out_proj': 8, 'layers.0.vss.1.in_proj': 8, 'proj_conv': 16, 'layers.1.vss.1.conv2d': 8, 'layers.0.vss.1.conv2d': 8}",4,34,2,0
88.0,88.00656349732041,-14.8919189453125,-14.996165370941162,"{'stem.0': 16, 'fc_part31': 8, 'fc_part8': 8, 'fc_part2': 8, 'fc_part7': 8, 'fc_part3': 8, 'fc_part13': 8, 'fc_part1': 8, 'fc_part23': 8, 'fc_part27': 8, 'fc_part12': 8, 'fc_part30': 8, 'fc_part11': 8, 'fc_part25': 8, 'fc_part17': 8, 'fc_part19': 8, 'fc_part10': 8, 'fc_part28': 8, 'fc_part24': 8, 'fc_part29': 8, 'fc_part0': 8, 'fc_part5': 8, 'fc_part22': 8, 'fc_part15': 8, 'fc_part14': 8, 'fc_part4': 8, 'fc_part9': 4, 'fc_part21': 8, 'fc_part26': 8, 'fc_part16': 8, 'fc_part20': 4, 'fc_part6': 8, 'fc_part18': 4, 'layers.1.vss.1.in_proj': 16, 'layers.1.vss.1.out_proj': 8, 'layers.0.vss.1.out_proj': 8, 'layers.0.vss.1.in_proj': 8, 'proj_conv': 16, 'layers.1.vss.1.conv2d': 16, 'layers.0.vss.1.conv2d': 16}",5,32,3,0
88.2,88.20602757873186,-14.8919189453125,-14.896262741088867,"{'stem.0': 16, 'fc_part31': 8, 'fc_part8': 8, 'fc_part2': 8, 'fc_part7': 8, 'fc_part3': 8, 'fc_part13': 8, 'fc_part1': 8, 'fc_part23': 8, 'fc_part27': 8, 'fc_part12': 8, 'fc_part30': 8, 'fc_part11': 8, 'fc_part25': 8, 'fc_part17': 8, 'fc_part19': 8, 'fc_part10': 8, 'fc_part28': 8, 'fc_part24': 8, 'fc_part29': 8, 'fc_part0': 8, 'fc_part5': 8, 'fc_part22': 8, 'fc_part15': 8, 'fc_part14': 8, 'fc_part4': 8, 'fc_part9': 4, 'fc_part21': 8, 'fc_part26': 8, 'fc_part16': 8, 'fc_part20': 4, 'fc_part6': 4, 'fc_part18': 4, 'layers.1.vss.1.in_proj': 16, 'layers.1.vss.1.out_proj': 8, 'layers.0.vss.1.out_proj': 8, 'layers.0.vss.1.in_proj': 8, 'proj_conv': 16, 'layers.1.vss.1.conv2d': 8, 'layers.0.vss.1.conv2d': 16}",4,32,4,0
88.4,88.40549166014331,-14.794275665283203,-14.794275665283203,"{'stem.0': 16, 'fc_part31': 8, 'fc_part8': 8, 'fc_part2': 8, 'fc_part7': 8, 'fc_part3': 8, 'fc_part13': 8, 'fc_part1': 8, 'fc_part23': 8, 'fc_part27': 8, 'fc_part12': 8, 'fc_part30': 8, 'fc_part11': 8, 'fc_part25': 8, 'fc_part17': 8, 'fc_part19': 8, 'fc_part10': 8, 'fc_part28': 8, 'fc_part24': 8, 'fc_part29': 8, 'fc_part0': 8, 'fc_part5': 8, 'fc_part22': 8, 'fc_part15': 8, 'fc_part14': 8, 'fc_part4': 8, 'fc_part9': 4, 'fc_part21': 8, 'fc_part26': 4, 'fc_part16': 8, 'fc_part20': 4, 'fc_part6': 4, 'fc_part18': 4, 'layers.1.vss.1.in_proj': 16, 'layers.1.vss.1.out_proj': 8, 'layers.0.vss.1.out_proj': 8, 'layers.0.vss.1.in_proj': 8, 'proj_conv': 16, 'layers.1.vss.1.conv2d': 8, 'layers.0.vss.1.conv2d': 8}",3,32,5,0
88.6,88.60871921478895,-14.69067187309265,-14.696017694473266,"{'stem.0': 16, 'fc_part31': 8, 'fc_part8': 8, 'fc_part2': 8, 'fc_part7': 8, 'fc_part3': 8, 'fc_part13': 8, 'fc_part1': 8, 'fc_part23': 8, 'fc_part27': 8, 'fc_part12': 8, 'fc_part30': 8, 'fc_part11': 8, 'fc_part25': 8, 'fc_part17': 8, 'fc_part19': 8, 'fc_part10': 8, 'fc_part28': 8, 'fc_part24': 8, 'fc_part29': 8, 'fc_part0': 8, 'fc_part5': 8, 'fc_part22': 8, 'fc_part15': 8, 'fc_part14': 8, 'fc_part4': 8, 'fc_part9': 4, 'fc_part21': 8, 'fc_part26': 4, 'fc_part16': 4, 'fc_part20': 4, 'fc_part6': 4, 'fc_part18': 4, 'layers.1.vss.1.in_proj': 8, 'layers.1.vss.1.out_proj': 16, 'layers.0.vss.1.out_proj': 8, 'layers.0.vss.1.in_proj': 8, 'proj_conv': 16, 'layers.1.vss.1.conv2d': 16, 'layers.0.vss.1.conv2d': 16}",5,29,6,0
88.8,88.80140904437887,-14.600030660629272,-14.600030660629272,"{'stem.0': 16, 'fc_part31': 8, 'fc_part8': 8, 'fc_part2': 8, 'fc_part7': 8, 'fc_part3': 8, 'fc_part13': 8, 'fc_part1': 8, 'fc_part23': 8, 'fc_part27': 8, 'fc_part12': 8, 'fc_part30': 8, 'fc_part11': 8, 'fc_part25': 8, 'fc_part17': 8, 'fc_part19': 8, 'fc_part10': 8, 'fc_part28': 8, 'fc_part24': 8, 'fc_part29': 8, 'fc_part0': 8, 'fc_part5': 8, 'fc_part22': 8, 'fc_part15': 8, 'fc_part14': 4, 'fc_part4': 8, 'fc_part9': 4, 'fc_part21': 8, 'fc_part26': 4, 'fc_part16': 4, 'fc_part20': 4, 'fc_part6': 4, 'fc_part18': 4, 'layers.1.vss.1.in_proj': 8, 'layers.1.vss.1.out_proj': 16, 'layers.0.vss.1.out_proj': 8, 'layers.0.vss.1.in_proj': 8, 'proj_conv': 16, 'layers.1.vss.1.conv2d': 16, 'layers.0.vss.1.conv2d': 16}",5,28,7,0
89.0,89.00087312579032,-14.50341763496399,-14.505508422851562,"{'stem.0': 16, 'fc_part31': 8, 'fc_part8': 8, 'fc_part2': 8, 'fc_part7': 8, 'fc_part3': 8, 'fc_part13': 8, 'fc_part1': 8, 'fc_part23': 8, 'fc_part27': 8, 'fc_part12': 8, 'fc_part30': 8, 'fc_part11': 8, 'fc_part25': 8, 'fc_part17': 8, 'fc_part19': 8, 'fc_part10': 8, 'fc_part28': 8, 'fc_part24': 8, 'fc_part29': 8, 'fc_part0': 8, 'fc_part5': 8, 'fc_part22': 8, 'fc_part15': 8, 'fc_part14': 4, 'fc_part4': 8, 'fc_part9': 4, 'fc_part21': 4, 'fc_part26': 4, 'fc_part16': 4, 'fc_part20': 4, 'fc_part6': 4, 'fc_part18': 4, 'layers.1.vss.1.in_proj': 8, 'layers.1.vss.1.out_proj': 16, 'layers.0.vss.1.out_proj': 8, 'layers.0.vss.1.in_proj': 8, 'proj_conv': 16, 'layers.1.vss.1.conv2d': 8, 'layers.0.vss.1.conv2d': 16}",4,28,8,0
89.2,89.21087493225748,-14.404979848861695,-14.405936813354492,"{'stem.0': 16, 'fc_part31': 8, 'fc_part8': 8, 'fc_part2': 8, 'fc_part7': 8, 'fc_part3': 8, 'fc_part13': 8, 'fc_part1': 8, 'fc_part23': 8, 'fc_part27': 8, 'fc_part12': 8, 'fc_part30': 8, 'fc_part11': 8, 'fc_part25': 8, 'fc_part17': 8, 'fc_part19': 8, 'fc_part10': 8, 'fc_part28': 8, 'fc_part24': 8, 'fc_part29': 8, 'fc_part0': 8, 'fc_part5': 8, 'fc_part22': 8, 'fc_part15': 8, 'fc_part14': 4, 'fc_part4': 4, 'fc_part9': 4, 'fc_part21': 4, 'fc_part26': 4, 'fc_part16': 4, 'fc_part20': 4, 'fc_part6': 4, 'fc_part18': 4, 'layers.1.vss.1.in_proj': 8, 'layers.1.vss.1.out_proj': 8, 'layers.0.vss.1.out_proj': 8, 'layers.0.vss.1.in_proj': 8, 'proj_conv': 16, 'layers.1.vss.1.conv2d': 16, 'layers.0.vss.1.conv2d': 16}",4,27,9,0
89.4,89.4035647618474,-14.307774305343628,-14.307774305343628,"{'stem.0': 16, 'fc_part31': 8, 'fc_part8': 8, 'fc_part2': 8, 'fc_part7': 8, 'fc_part3': 8, 'fc_part13': 8, 'fc_part1': 8, 'fc_part23': 8, 'fc_part27': 8, 'fc_part12': 8, 'fc_part30': 8, 'fc_part11': 8, 'fc_part25': 8, 'fc_part17': 8, 'fc_part19': 8, 'fc_part10': 8, 'fc_part28': 8, 'fc_part24': 8, 'fc_part29': 8, 'fc_part0': 8, 'fc_part5': 4, 'fc_part22': 8, 'fc_part15': 8, 'fc_part14': 4, 'fc_part4': 4, 'fc_part9': 4, 'fc_part21': 4, 'fc_part26': 4, 'fc_part16': 4, 'fc_part20': 4, 'fc_part6': 4, 'fc_part18': 4, 'layers.1.vss.1.in_proj': 8, 'layers.1.vss.1.out_proj': 8, 'layers.0.vss.1.out_proj': 8, 'layers.0.vss.1.in_proj': 8, 'proj_conv': 16, 'layers.1.vss.1.conv2d': 16, 'layers.0.vss.1.conv2d': 16}",4,26,10,0
89.6,89.60302884325887,-14.207864618301391,-14.210047817230224,"{'stem.0': 16, 'fc_part31': 8, 'fc_part8': 8, 'fc_part2': 8, 'fc_part7': 8, 'fc_part3': 8, 'fc_part13': 8, 'fc_part1': 8, 'fc_part23': 8, 'fc_part27': 8, 'fc_part12': 8, 'fc_part30': 8, 'fc_part11': 8, 'fc_part25': 8, 'fc_part17': 8, 'fc_part19': 8, 'fc_part10': 8, 'fc_part28': 8, 'fc_part24': 8, 'fc_part29': 8, 'fc_part0': 8, 'fc_part5': 4, 'fc_part22': 8, 'fc_part15': 4, 'fc_part14': 4, 'fc_part4': 4, 'fc_part9': 4, 'fc_part21': 4, 'fc_part26': 4, 'fc_part16': 4, 'fc_part20': 4, 'fc_part6': 4, 'fc_part18': 4, 'layers.1.vss.1.in_proj': 8, 'layers.1.vss.1.out_proj': 8, 'layers.0.vss.1.out_proj': 8, 'layers.0.vss.1.in_proj': 8, 'proj_conv': 16, 'layers.1.vss.1.conv2d': 8, 'layers.0.vss.1.conv2d': 16}",3,26,11,0
89.8,89.80249292467032,-14.108074474334718,-14.108777332305909,"{'stem.0': 16, 'fc_part31': 8, 'fc_part8': 8, 'fc_part2': 8, 'fc_part7': 8, 'fc_part3': 8, 'fc_part13': 8, 'fc_part1': 8, 'fc_part23': 8, 'fc_part27': 8, 'fc_part12': 8, 'fc_part30': 8, 'fc_part11': 8, 'fc_part25': 8, 'fc_part17': 8, 'fc_part19': 8, 'fc_part10': 8, 'fc_part28': 8, 'fc_part24': 8, 'fc_part29': 8, 'fc_part0': 4, 'fc_part5': 4, 'fc_part22': 8, 'fc_part15': 4, 'fc_part14': 4, 'fc_part4': 4, 'fc_part9': 4, 'fc_part21': 4, 'fc_part26': 4, 'fc_part16': 4, 'fc_part20': 4, 'fc_part6': 4, 'fc_part18': 4, 'layers.1.vss.1.in_proj': 8, 'layers.1.vss.1.out_proj': 8, 'layers.0.vss.1.out_proj': 8, 'layers.0.vss.1.in_proj': 8, 'proj_conv': 16, 'layers.1.vss.1.conv2d': 8, 'layers.0.vss.1.conv2d': 8}",2,26,12,0
90.0,90.00158065875836,-13.722339057922364,-13.733758592605591,"{'stem.0': 16, 'fc_part31': 8, 'fc_part8': 8, 'fc_part2': 8, 'fc_part7': 8, 'fc_part3': 8, 'fc_part13': 8, 'fc_part1': 8, 'fc_part23': 8, 'fc_part27': 8, 'fc_part12': 8, 'fc_part30': 8, 'fc_part11': 8, 'fc_part25': 8, 'fc_part17': 8, 'fc_part19': 8, 'fc_part10': 8, 'fc_part28': 8, 'fc_part24': 8, 'fc_part29': 4, 'fc_part0': 4, 'fc_part5': 4, 'fc_part22': 8, 'fc_part15': 4, 'fc_part14': 4, 'fc_part4': 4, 'fc_part9': 4, 'fc_part21': 4, 'fc_part26': 4, 'fc_part16': 4, 'fc_part20': 4, 'fc_part6': 4, 'fc_part18': 4, 'layers.1.vss.1.in_proj': 8, 'layers.1.vss.1.out_proj': 8, 'layers.0.vss.1.out_proj': 8, 'layers.0.vss.1.in_proj': 8, 'proj_conv': 8, 'layers.1.vss.1.conv2d': 4, 'layers.0.vss.1.conv2d': 8}",1,25,14,0
90.2,90.2010447401698,-13.63976411819458,-13.64254789352417,"{'stem.0': 8, 'fc_part31': 8, 'fc_part8': 8, 'fc_part2': 8, 'fc_part7': 8, 'fc_part3': 8, 'fc_part13': 8, 'fc_part1': 8, 'fc_part23': 8, 'fc_part27': 8, 'fc_part12': 8, 'fc_part30': 8, 'fc_part11': 8, 'fc_part25': 8, 'fc_part17': 8, 'fc_part19': 8, 'fc_part10': 8, 'fc_part28': 8, 'fc_part24': 8, 'fc_part29': 4, 'fc_part0': 4, 'fc_part5': 4, 'fc_part22': 4, 'fc_part15': 4, 'fc_part14': 4, 'fc_part4': 4, 'fc_part9': 4, 'fc_part21': 4, 'fc_part26': 4, 'fc_part16': 4, 'fc_part20': 4, 'fc_part6': 4, 'fc_part18': 4, 'layers.1.vss.1.in_proj': 8, 'layers.1.vss.1.out_proj': 8, 'layers.0.vss.1.out_proj': 8, 'layers.0.vss.1.in_proj': 8, 'proj_conv': 8, 'layers.1.vss.1.conv2d': 4, 'layers.0.vss.1.conv2d': 8}",0,25,15,0
90.4,90.40088516890468,-13.63976411819458,-13.64254789352417,"{'stem.0': 16, 'fc_part31': 8, 'fc_part8': 8, 'fc_part2': 8, 'fc_part7': 8, 'fc_part3': 8, 'fc_part13': 8, 'fc_part1': 8, 'fc_part23': 8, 'fc_part27': 8, 'fc_part12': 8, 'fc_part30': 8, 'fc_part11': 8, 'fc_part25': 8, 'fc_part17': 8, 'fc_part19': 8, 'fc_part10': 4, 'fc_part28': 8, 'fc_part24': 8, 'fc_part29': 4, 'fc_part0': 4, 'fc_part5': 4, 'fc_part22': 4, 'fc_part15': 4, 'fc_part14': 4, 'fc_part4': 4, 'fc_part9': 4, 'fc_part21': 4, 'fc_part26': 4, 'fc_part16': 4, 'fc_part20': 4, 'fc_part6': 4, 'fc_part18': 4, 'layers.1.vss.1.in_proj': 8, 'layers.1.vss.1.out_proj': 8, 'layers.0.vss.1.out_proj': 8, 'layers.0.vss.1.in_proj': 4, 'proj_conv': 8, 'layers.1.vss.1.conv2d': 8, 'layers.0.vss.1.conv2d': 16}",2,22,16,0
90.6,90.60034925031613,-13.557371616363525,-13.557371616363525,"{'stem.0': 16, 'fc_part31': 8, 'fc_part8': 8, 'fc_part2': 8, 'fc_part7': 8, 'fc_part3': 8, 'fc_part13': 8, 'fc_part1': 8, 'fc_part23': 8, 'fc_part27': 8, 'fc_part12': 8, 'fc_part30': 8, 'fc_part11': 8, 'fc_part25': 8, 'fc_part17': 8, 'fc_part19': 8, 'fc_part10': 4, 'fc_part28': 4, 'fc_part24': 8, 'fc_part29': 4, 'fc_part0': 4, 'fc_part5': 4, 'fc_part22': 4, 'fc_part15': 4, 'fc_part14': 4, 'fc_part4': 4, 'fc_part9': 4, 'fc_part21': 4, 'fc_part26': 4, 'fc_part16': 4, 'fc_part20': 4, 'fc_part6': 4, 'fc_part18': 4, 'layers.1.vss.1.in_proj': 8, 'layers.1.vss.1.out_proj': 8, 'layers.0.vss.1.out_proj': 8, 'layers.0.vss.1.in_proj': 4, 'proj_conv': 8, 'layers.1.vss.1.conv2d': 8, 'layers.0.vss.1.conv2d': 8}",1,22,17,0
90.8,90.800189679051,-12.983807516098022,-13.115075063705444,"{'stem.0': 8, 'fc_part31': 8, 'fc_part8': 8, 'fc_part2': 8, 'fc_part7': 8, 'fc_part3': 8, 'fc_part13': 8, 'fc_part1': 8, 'fc_part23': 8, 'fc_part27': 8, 'fc_part12': 8, 'fc_part30': 8, 'fc_part11': 8, 'fc_part25': 8, 'fc_part17': 8, 'fc_part19': 4, 'fc_part10': 4, 'fc_part28': 4, 'fc_part24': 8, 'fc_part29': 4, 'fc_part0': 4, 'fc_part5': 4, 'fc_part22': 4, 'fc_part15': 4, 'fc_part14': 4, 'fc_part4': 4, 'fc_part9': 4, 'fc_part21': 4, 'fc_part26': 4, 'fc_part16': 4, 'fc_part20': 4, 'fc_part6': 4, 'fc_part18': 4, 'layers.1.vss.1.in_proj': 8, 'layers.1.vss.1.out_proj': 8, 'layers.0.vss.1.out_proj': 8, 'layers.0.vss.1.in_proj': 4, 'proj_conv': 16, 'layers.1.vss.1.conv2d': 4, 'layers.0.vss.1.conv2d': 8}",1,20,19,0
91.0,91.00078280243271,-12.983807516098022,-12.98691792488098,"{'stem.0': 8, 'fc_part31': 8, 'fc_part8': 8, 'fc_part2': 8, 'fc_part7': 8, 'fc_part3': 8, 'fc_part13': 8, 'fc_part1': 8, 'fc_part23': 8, 'fc_part27': 8, 'fc_part12': 8, 'fc_part30': 8, 'fc_part11': 8, 'fc_part25': 8, 'fc_part17': 4, 'fc_part19': 4, 'fc_part10': 4, 'fc_part28': 4, 'fc_part24': 8, 'fc_part29': 4, 'fc_part0': 4, 'fc_part5': 4, 'fc_part22': 4, 'fc_part15': 4, 'fc_part14': 4, 'fc_part4': 4, 'fc_part9': 4, 'fc_part21': 4, 'fc_part26': 4, 'fc_part16': 4, 'fc_part20': 4, 'fc_part6': 4, 'fc_part18': 4, 'layers.1.vss.1.in_proj': 8, 'layers.1.vss.1.out_proj': 8, 'layers.0.vss.1.out_proj': 8, 'layers.0.vss.1.in_proj': 4, 'proj_conv': 4, 'layers.1.vss.1.conv2d': 4, 'layers.0.vss.1.conv2d': 4}",0,18,22,0
91.2,91.20062323116758,-12.983807516098022,-12.98691792488098,"{'stem.0': 8, 'fc_part31': 8, 'fc_part8': 8, 'fc_part2': 8, 'fc_part7': 8, 'fc_part3': 8, 'fc_part13': 8, 'fc_part1': 8, 'fc_part23': 8, 'fc_part27': 8, 'fc_part12': 8, 'fc_part30': 8, 'fc_part11': 4, 'fc_part25': 8, 'fc_part17': 4, 'fc_part19': 4, 'fc_part10': 4, 'fc_part28': 4, 'fc_part24': 8, 'fc_part29': 4, 'fc_part0': 4, 'fc_part5': 4, 'fc_part22': 4, 'fc_part15': 4, 'fc_part14': 4, 'fc_part4': 4, 'fc_part9': 4, 'fc_part21': 4, 'fc_part26': 4, 'fc_part16': 4, 'fc_part20': 4, 'fc_part6': 4, 'fc_part18': 4, 'layers.1.vss.1.in_proj': 8, 'layers.1.vss.1.out_proj': 8, 'layers.0.vss.1.out_proj': 4, 'layers.0.vss.1.in_proj': 4, 'proj_conv': 8, 'layers.1.vss.1.conv2d': 8, 'layers.0.vss.1.conv2d': 4}",0,18,22,0
91.4,91.40008731257903,-12.983807516098022,-12.98691792488098,"{'stem.0': 8, 'fc_part31': 8, 'fc_part8': 8, 'fc_part2': 8, 'fc_part7': 8, 'fc_part3': 8, 'fc_part13': 8, 'fc_part1': 8, 'fc_part23': 8, 'fc_part27': 8, 'fc_part12': 8, 'fc_part30': 4, 'fc_part11': 8, 'fc_part25': 8, 'fc_part17': 4, 'fc_part19': 4, 'fc_part10': 4, 'fc_part28': 4, 'fc_part24': 4, 'fc_part29': 4, 'fc_part0': 4, 'fc_part5': 4, 'fc_part22': 4, 'fc_part15': 4, 'fc_part14': 4, 'fc_part4': 4, 'fc_part9': 4, 'fc_part21': 4, 'fc_part26': 4, 'fc_part16': 4, 'fc_part20': 4, 'fc_part6': 4, 'fc_part18': 4, 'layers.1.vss.1.in_proj': 8, 'layers.1.vss.1.out_proj': 8, 'layers.0.vss.1.out_proj': 4, 'layers.0.vss.1.in_proj': 4, 'proj_conv': 8, 'layers.1.vss.1.conv2d': 2, 'layers.0.vss.1.conv2d': 2}",0,16,22,2
91.6,91.60143313060757,-12.983807516098022,-12.98691792488098,"{'stem.0': 8, 'fc_part31': 8, 'fc_part8': 8, 'fc_part2': 8, 'fc_part7': 8, 'fc_part3': 8, 'fc_part13': 8, 'fc_part1': 8, 'fc_part23': 8, 'fc_part27': 8, 'fc_part12': 8, 'fc_part30': 4, 'fc_part11': 4, 'fc_part25': 4, 'fc_part17': 4, 'fc_part19': 4, 'fc_part10': 4, 'fc_part28': 4, 'fc_part24': 8, 'fc_part29': 4, 'fc_part0': 4, 'fc_part5': 4, 'fc_part22': 4, 'fc_part15': 4, 'fc_part14': 4, 'fc_part4': 4, 'fc_part9': 4, 'fc_part21': 4, 'fc_part26': 4, 'fc_part16': 4, 'fc_part20': 4, 'fc_part6': 4, 'fc_part18': 4, 'layers.1.vss.1.in_proj': 8, 'layers.1.vss.1.out_proj': 4, 'layers.0.vss.1.out_proj': 4, 'layers.0.vss.1.in_proj': 4, 'proj_conv': 8, 'layers.1.vss.1.conv2d': 4, 'layers.0.vss.1.conv2d': 4}",0,14,26,0
91.8,91.80277894863612,-12.983807516098022,-12.98691792488098,"{'stem.0': 8, 'fc_part31': 8, 'fc_part8': 8, 'fc_part2': 8, 'fc_part7': 8, 'fc_part3': 8, 'fc_part13': 8, 'fc_part1': 8, 'fc_part23': 8, 'fc_part27': 8, 'fc_part12': 8, 'fc_part30': 4, 'fc_part11': 4, 'fc_part25': 4, 'fc_part17': 4, 'fc_part19': 4, 'fc_part10': 4, 'fc_part28': 4, 'fc_part24': 4, 'fc_part29': 4, 'fc_part0': 4, 'fc_part5': 4, 'fc_part22': 4, 'fc_part15': 4, 'fc_part14': 4, 'fc_part4': 4, 'fc_part9': 4, 'fc_part21': 4, 'fc_part26': 4, 'fc_part16': 4, 'fc_part20': 4, 'fc_part6': 4, 'fc_part18': 4, 'layers.1.vss.1.in_proj': 4, 'layers.1.vss.1.out_proj': 8, 'layers.0.vss.1.out_proj': 4, 'layers.0.vss.1.in_proj': 4, 'proj_conv': 8, 'layers.1.vss.1.conv2d': 8, 'layers.0.vss.1.conv2d': 4}",0,14,26,0
92.0,92.00036129343047,-12.983807516098022,-12.98691792488098,"{'stem.0': 8, 'fc_part31': 8, 'fc_part8': 8, 'fc_part2': 8, 'fc_part7': 8, 'fc_part3': 8, 'fc_part13': 8, 'fc_part1': 4, 'fc_part23': 8, 'fc_part27': 8, 'fc_part12': 8, 'fc_part30': 4, 'fc_part11': 4, 'fc_part25': 4, 'fc_part17': 4, 'fc_part19': 4, 'fc_part10': 4, 'fc_part28': 4, 'fc_part24': 4, 'fc_part29': 4, 'fc_part0': 4, 'fc_part5': 4, 'fc_part22': 4, 'fc_part15': 4, 'fc_part14': 4, 'fc_part4': 4, 'fc_part9': 4, 'fc_part21': 4, 'fc_part26': 4, 'fc_part16': 4, 'fc_part20': 4, 'fc_part6': 4, 'fc_part18': 4, 'layers.1.vss.1.in_proj': 4, 'layers.1.vss.1.out_proj': 8, 'layers.0.vss.1.out_proj': 4, 'layers.0.vss.1.in_proj': 4, 'proj_conv': 4, 'layers.1.vss.1.conv2d': 4, 'layers.0.vss.1.conv2d': 4}",0,11,29,0
92.2,92.20434154272294,-12.983807516098022,-12.98691792488098,"{'stem.0': 16, 'fc_part31': 8, 'fc_part8': 8, 'fc_part2': 8, 'fc_part7': 8, 'fc_part3': 8, 'fc_part13': 8, 'fc_part1': 4, 'fc_part23': 8, 'fc_part27': 4, 'fc_part12': 4, 'fc_part30': 4, 'fc_part11': 4, 'fc_part25': 4, 'fc_part17': 4, 'fc_part19': 4, 'fc_part10': 4, 'fc_part28': 4, 'fc_part24': 4, 'fc_part29': 4, 'fc_part0': 4, 'fc_part5': 4, 'fc_part22': 4, 'fc_part15': 4, 'fc_part14': 4, 'fc_part4': 4, 'fc_part9': 4, 'fc_part21': 4, 'fc_part26': 4, 'fc_part16': 4, 'fc_part20': 4, 'fc_part6': 4, 'fc_part18': 4, 'layers.1.vss.1.in_proj': 16, 'layers.1.vss.1.out_proj': 16, 'layers.0.vss.1.out_proj': 16, 'layers.0.vss.1.in_proj': 8, 'proj_conv': 16, 'layers.1.vss.1.conv2d': 8, 'layers.0.vss.1.conv2d': 16}",6,9,25,0
92.4,92.42111760101163,-12.905411005020142,-12.906730127334594,"{'stem.0': 16, 'fc_part31': 8, 'fc_part8': 8, 'fc_part2': 8, 'fc_part7': 8, 'fc_part3': 8, 'fc_part13': 8, 'fc_part1': 4, 'fc_part23': 4, 'fc_part27': 4, 'fc_part12': 4, 'fc_part30': 4, 'fc_part11': 4, 'fc_part25': 4, 'fc_part17': 4, 'fc_part19': 4, 'fc_part10': 4, 'fc_part28': 4, 'fc_part24': 4, 'fc_part29': 4, 'fc_part0': 4, 'fc_part5': 4, 'fc_part22': 4, 'fc_part15': 4, 'fc_part14': 4, 'fc_part4': 4, 'fc_part9': 4, 'fc_part21': 4, 'fc_part26': 4, 'fc_part16': 4, 'fc_part20': 4, 'fc_part6': 4, 'fc_part18': 4, 'layers.1.vss.1.in_proj': 16, 'layers.1.vss.1.out_proj': 16, 'layers.0.vss.1.out_proj': 8, 'layers.0.vss.1.in_proj': 8, 'proj_conv': 16, 'layers.1.vss.1.conv2d': 8, 'layers.0.vss.1.conv2d': 16}",5,9,26,0
92.6,92.61380743060155,-12.824957513809204,-12.825753355026245,"{'stem.0': 16, 'fc_part31': 8, 'fc_part8': 8, 'fc_part2': 8, 'fc_part7': 8, 'fc_part3': 4, 'fc_part13': 8, 'fc_part1': 4, 'fc_part23': 4, 'fc_part27': 4, 'fc_part12': 4, 'fc_part30': 4, 'fc_part11': 4, 'fc_part25': 4, 'fc_part17': 4, 'fc_part19': 4, 'fc_part10': 4, 'fc_part28': 4, 'fc_part24': 4, 'fc_part29': 4, 'fc_part0': 4, 'fc_part5': 4, 'fc_part22': 4, 'fc_part15': 4, 'fc_part14': 4, 'fc_part4': 4, 'fc_part9': 4, 'fc_part21': 4, 'fc_part26': 4, 'fc_part16': 4, 'fc_part20': 4, 'fc_part6': 4, 'fc_part18': 4, 'layers.1.vss.1.in_proj': 16, 'layers.1.vss.1.out_proj': 16, 'layers.0.vss.1.out_proj': 8, 'layers.0.vss.1.in_proj': 8, 'proj_conv': 16, 'layers.1.vss.1.conv2d': 8, 'layers.0.vss.1.conv2d': 16}",5,8,27,0
92.8,92.80649726019149,-12.743394422531129,-12.74650797843933,"{'stem.0': 16, 'fc_part31': 8, 'fc_part8': 8, 'fc_part2': 8, 'fc_part7': 4, 'fc_part3': 4, 'fc_part13': 8, 'fc_part1': 4, 'fc_part23': 4, 'fc_part27': 4, 'fc_part12': 4, 'fc_part30': 4, 'fc_part11': 4, 'fc_part25': 4, 'fc_part17': 4, 'fc_part19': 4, 'fc_part10': 4, 'fc_part28': 4, 'fc_part24': 4, 'fc_part29': 4, 'fc_part0': 4, 'fc_part5': 4, 'fc_part22': 4, 'fc_part15': 4, 'fc_part14': 4, 'fc_part4': 4, 'fc_part9': 4, 'fc_part21': 4, 'fc_part26': 4, 'fc_part16': 4, 'fc_part20': 4, 'fc_part6': 4, 'fc_part18': 4, 'layers.1.vss.1.in_proj': 16, 'layers.1.vss.1.out_proj': 16, 'layers.0.vss.1.out_proj': 8, 'layers.0.vss.1.in_proj': 8, 'proj_conv': 16, 'layers.1.vss.1.conv2d': 8, 'layers.0.vss.1.conv2d': 16}",5,7,28,0
93.0,93.00219786836877,-12.664079999923706,-12.66581563949585,"{'stem.0': 16, 'fc_part31': 8, 'fc_part8': 8, 'fc_part2': 8, 'fc_part7': 4, 'fc_part3': 4, 'fc_part13': 4, 'fc_part1': 4, 'fc_part23': 4, 'fc_part27': 4, 'fc_part12': 4, 'fc_part30': 4, 'fc_part11': 4, 'fc_part25': 4, 'fc_part17': 4, 'fc_part19': 4, 'fc_part10': 4, 'fc_part28': 4, 'fc_part24': 4, 'fc_part29': 4, 'fc_part0': 4, 'fc_part5': 4, 'fc_part22': 4, 'fc_part15': 4, 'fc_part14': 4, 'fc_part4': 4, 'fc_part9': 4, 'fc_part21': 4, 'fc_part26': 4, 'fc_part16': 4, 'fc_part20': 4, 'fc_part6': 4, 'fc_part18': 4, 'layers.1.vss.1.in_proj': 16, 'layers.1.vss.1.out_proj': 16, 'layers.0.vss.1.out_proj': 8, 'layers.0.vss.1.in_proj': 8, 'proj_conv': 8, 'layers.1.vss.1.conv2d': 8, 'layers.0.vss.1.conv2d': 16}",4,7,29,0
93.2,93.21596314807009,-12.581671667098998,-12.583017253875733,"{'stem.0': 16, 'fc_part31': 8, 'fc_part8': 8, 'fc_part2': 4, 'fc_part7': 4, 'fc_part3': 4, 'fc_part13': 4, 'fc_part1': 4, 'fc_part23': 4, 'fc_part27': 4, 'fc_part12': 4, 'fc_part30': 4, 'fc_part11': 4, 'fc_part25': 4, 'fc_part17': 4, 'fc_part19': 4, 'fc_part10': 4, 'fc_part28': 4, 'fc_part24': 4, 'fc_part29': 4, 'fc_part0': 4, 'fc_part5': 4, 'fc_part22': 4, 'fc_part15': 4, 'fc_part14': 4, 'fc_part4': 4, 'fc_part9': 4, 'fc_part21': 4, 'fc_part26': 4, 'fc_part16': 4, 'fc_part20': 4, 'fc_part6': 4, 'fc_part18': 4, 'layers.1.vss.1.in_proj': 16, 'layers.1.vss.1.out_proj': 8, 'layers.0.vss.1.out_proj': 8, 'layers.0.vss.1.in_proj': 8, 'proj_conv': 16, 'layers.1.vss.1.conv2d': 8, 'layers.0.vss.1.conv2d': 16}",4,6,30,0
93.4,93.40865297766003,-12.50045042037964,-12.50159478187561,"{'stem.0': 16, 'fc_part31': 8, 'fc_part8': 4, 'fc_part2': 4, 'fc_part7': 4, 'fc_part3': 4, 'fc_part13': 4, 'fc_part1': 4, 'fc_part23': 4, 'fc_part27': 4, 'fc_part12': 4, 'fc_part30': 4, 'fc_part11': 4, 'fc_part25': 4, 'fc_part17': 4, 'fc_part19': 4, 'fc_part10': 4, 'fc_part28': 4, 'fc_part24': 4, 'fc_part29': 4, 'fc_part0': 4, 'fc_part5': 4, 'fc_part22': 4, 'fc_part15': 4, 'fc_part14': 4, 'fc_part4': 4, 'fc_part9': 4, 'fc_part21': 4, 'fc_part26': 4, 'fc_part16': 4, 'fc_part20': 4, 'fc_part6': 4, 'fc_part18': 4, 'layers.1.vss.1.in_proj': 16, 'layers.1.vss.1.out_proj': 8, 'layers.0.vss.1.out_proj': 8, 'layers.0.vss.1.in_proj': 8, 'proj_conv': 16, 'layers.1.vss.1.conv2d': 8, 'layers.0.vss.1.conv2d': 16}",4,5,31,0
93.6,93.60134280724995,-12.27329878807068,-12.276592779159547,"{'stem.0': 16, 'fc_part31': 4, 'fc_part8': 4, 'fc_part2': 4, 'fc_part7': 4, 'fc_part3': 4, 'fc_part13': 4, 'fc_part1': 4, 'fc_part23': 4, 'fc_part27': 4, 'fc_part12': 4, 'fc_part30': 4, 'fc_part11': 4, 'fc_part25': 4, 'fc_part17': 4, 'fc_part19': 4, 'fc_part10': 4, 'fc_part28': 4, 'fc_part24': 4, 'fc_part29': 4, 'fc_part0': 4, 'fc_part5': 4, 'fc_part22': 4, 'fc_part15': 4, 'fc_part14': 4, 'fc_part4': 4, 'fc_part9': 4, 'fc_part21': 4, 'fc_part26': 4, 'fc_part16': 4, 'fc_part20': 4, 'fc_part6': 4, 'fc_part18': 4, 'layers.1.vss.1.in_proj': 16, 'layers.1.vss.1.out_proj': 8, 'layers.0.vss.1.out_proj': 8, 'layers.0.vss.1.in_proj': 8, 'proj_conv': 16, 'layers.1.vss.1.conv2d': 8, 'layers.0.vss.1.conv2d': 16}",4,4,32,0
93.8,93.80193593063166,-8.210852432250977,-10.888194274902343,"{'stem.0': 8, 'fc_part31': 4, 'fc_part8': 4, 'fc_part2': 4, 'fc_part7': 4, 'fc_part3': 4, 'fc_part13': 4, 'fc_part1': 4, 'fc_part23': 4, 'fc_part27': 4, 'fc_part12': 4, 'fc_part30': 4, 'fc_part11': 4, 'fc_part25': 4, 'fc_part17': 4, 'fc_part19': 4, 'fc_part10': 4, 'fc_part28': 4, 'fc_part24': 4, 'fc_part29': 4, 'fc_part0': 4, 'fc_part5': 4, 'fc_part22': 4, 'fc_part15': 4, 'fc_part14': 4, 'fc_part4': 4, 'fc_part9': 4, 'fc_part21': 4, 'fc_part26': 4, 'fc_part16': 4, 'fc_part20': 4, 'fc_part6': 4, 'fc_part18': 2, 'layers.1.vss.1.in_proj': 8, 'layers.1.vss.1.out_proj': 8, 'layers.0.vss.1.out_proj': 4, 'layers.0.vss.1.in_proj': 4, 'proj_conv': 8, 'layers.1.vss.1.conv2d': 8, 'layers.0.vss.1.conv2d': 4}",0,5,34,1
94.0,94.00027097007286,-7.565863060951233,-8.842939710617065,"{'stem.0': 16, 'fc_part31': 4, 'fc_part8': 4, 'fc_part2': 4, 'fc_part7': 4, 'fc_part3': 4, 'fc_part13': 4, 'fc_part1': 4, 'fc_part23': 4, 'fc_part27': 4, 'fc_part12': 4, 'fc_part30': 4, 'fc_part11': 4, 'fc_part25': 4, 'fc_part17': 4, 'fc_part19': 4, 'fc_part10': 4, 'fc_part28': 4, 'fc_part24': 4, 'fc_part29': 4, 'fc_part0': 4, 'fc_part5': 4, 'fc_part22': 4, 'fc_part15': 4, 'fc_part14': 4, 'fc_part4': 4, 'fc_part9': 4, 'fc_part21': 4, 'fc_part26': 4, 'fc_part16': 4, 'fc_part20': 2, 'fc_part6': 2, 'fc_part18': 2, 'layers.1.vss.1.in_proj': 8, 'layers.1.vss.1.out_proj': 4, 'layers.0.vss.1.out_proj': 4, 'layers.0.vss.1.in_proj': 4, 'proj_conv': 16, 'layers.1.vss.1.conv2d': 4, 'layers.0.vss.1.conv2d': 4}",2,1,34,3
94.2,94.20086409345456,-7.565863060951233,-7.684080696105957,"{'stem.0': 8, 'fc_part31': 4, 'fc_part8': 4, 'fc_part2': 4, 'fc_part7': 4, 'fc_part3': 4, 'fc_part13': 4, 'fc_part1': 4, 'fc_part23': 4, 'fc_part27': 4, 'fc_part12': 4, 'fc_part30': 4, 'fc_part11': 4, 'fc_part25': 4, 'fc_part17': 4, 'fc_part19': 4, 'fc_part10': 4, 'fc_part28': 4, 'fc_part24': 4, 'fc_part29': 4, 'fc_part0': 4, 'fc_part5': 4, 'fc_part22': 4, 'fc_part15': 4, 'fc_part14': 4, 'fc_part4': 4, 'fc_part9': 4, 'fc_part21': 4, 'fc_part26': 2, 'fc_part16': 2, 'fc_part20': 2, 'fc_part6': 2, 'fc_part18': 2, 'layers.1.vss.1.in_proj': 8, 'layers.1.vss.1.out_proj': 4, 'layers.0.vss.1.out_proj': 4, 'layers.0.vss.1.in_proj': 4, 'proj_conv': 4, 'layers.1.vss.1.conv2d': 4, 'layers.0.vss.1.conv2d': 8}",0,3,32,5
94.4,94.40070452218944,-6.2274991273880005,-7.013583564758301,"{'stem.0': 8, 'fc_part31': 4, 'fc_part8': 4, 'fc_part2': 4, 'fc_part7': 4, 'fc_part3': 4, 'fc_part13': 4, 'fc_part1': 4, 'fc_part23': 4, 'fc_part27': 4, 'fc_part12': 4, 'fc_part30': 4, 'fc_part11': 4, 'fc_part25': 4, 'fc_part17': 4, 'fc_part19': 4, 'fc_part10': 4, 'fc_part28': 4, 'fc_part24': 4, 'fc_part29': 4, 'fc_part0': 4, 'fc_part5': 4, 'fc_part22': 4, 'fc_part15': 4, 'fc_part14': 4, 'fc_part4': 4, 'fc_part9': 2, 'fc_part21': 2, 'fc_part26': 2, 'fc_part16': 2, 'fc_part20': 2, 'fc_part6': 2, 'fc_part18': 2, 'layers.1.vss.1.in_proj': 4, 'layers.1.vss.1.out_proj': 8, 'layers.0.vss.1.out_proj': 4, 'layers.0.vss.1.in_proj': 4, 'proj_conv': 8, 'layers.1.vss.1.conv2d': 8, 'layers.0.vss.1.conv2d': 8}",0,5,28,7
94.6,94.60016860360089,-6.2274991273880005,-6.2274991273880005,"{'stem.0': 8, 'fc_part31': 4, 'fc_part8': 4, 'fc_part2': 4, 'fc_part7': 4, 'fc_part3': 4, 'fc_part13': 4, 'fc_part1': 4, 'fc_part23': 4, 'fc_part27': 4, 'fc_part12': 4, 'fc_part30': 4, 'fc_part11': 4, 'fc_part25': 4, 'fc_part17': 4, 'fc_part19': 4, 'fc_part10': 4, 'fc_part28': 4, 'fc_part24': 4, 'fc_part29': 4, 'fc_part0': 4, 'fc_part5': 4, 'fc_part22': 4, 'fc_part15': 4, 'fc_part14': 2, 'fc_part4': 2, 'fc_part9': 2, 'fc_part21': 2, 'fc_part26': 2, 'fc_part16': 2, 'fc_part20': 2, 'fc_part6': 2, 'fc_part18': 2, 'layers.1.vss.1.in_proj': 4, 'layers.1.vss.1.out_proj': 8, 'layers.0.vss.1.out_proj': 4, 'layers.0.vss.1.in_proj': 4, 'proj_conv': 8, 'layers.1.vss.1.conv2d': 4, 'layers.0.vss.1.conv2d': 4}",0,3,28,9
94.8,94.80151442162943,-5.382768940925598,-5.312909483909607,"{'stem.0': 8, 'fc_part31': 4, 'fc_part8': 4, 'fc_part2': 4, 'fc_part7': 4, 'fc_part3': 4, 'fc_part13': 4, 'fc_part1': 4, 'fc_part23': 4, 'fc_part27': 4, 'fc_part12': 4, 'fc_part30': 4, 'fc_part11': 4, 'fc_part25': 4, 'fc_part17': 4, 'fc_part19': 4, 'fc_part10': 4, 'fc_part28': 4, 'fc_part24': 4, 'fc_part29': 4, 'fc_part0': 4, 'fc_part5': 4, 'fc_part22': 2, 'fc_part15': 2, 'fc_part14': 2, 'fc_part4': 2, 'fc_part9': 2, 'fc_part21': 2, 'fc_part26': 2, 'fc_part16': 2, 'fc_part20': 2, 'fc_part6': 2, 'fc_part18': 2, 'layers.1.vss.1.in_proj': 4, 'layers.1.vss.1.out_proj': 4, 'layers.0.vss.1.out_proj': 4, 'layers.0.vss.1.in_proj': 4, 'proj_conv': 8, 'layers.1.vss.1.conv2d': 4, 'layers.0.vss.1.conv2d': 8}",0,3,26,11
95.0,95.00079032937919,-4.33136670589447,-4.33136670589447,"{'stem.0': 8, 'fc_part31': 4, 'fc_part8': 4, 'fc_part2': 4, 'fc_part7': 4, 'fc_part3': 4, 'fc_part13': 4, 'fc_part1': 4, 'fc_part23': 4, 'fc_part27': 4, 'fc_part12': 4, 'fc_part30': 4, 'fc_part11': 4, 'fc_part25': 4, 'fc_part17': 4, 'fc_part19': 4, 'fc_part10': 4, 'fc_part28': 4, 'fc_part24': 4, 'fc_part29': 4, 'fc_part0': 2, 'fc_part5': 2, 'fc_part22': 2, 'fc_part15': 2, 'fc_part14': 2, 'fc_part4': 2, 'fc_part9': 2, 'fc_part21': 2, 'fc_part26': 2, 'fc_part16': 2, 'fc_part20': 2, 'fc_part6': 2, 'fc_part18': 2, 'layers.1.vss.1.in_proj': 4, 'layers.1.vss.1.out_proj': 4, 'layers.0.vss.1.out_proj': 4, 'layers.0.vss.1.in_proj': 4, 'proj_conv': 4, 'layers.1.vss.1.conv2d': 4, 'layers.0.vss.1.conv2d': 2}",0,1,25,14
